antibody_residue,antigen_residue,antibody_atom,antigen_atom,distance,atom_pair_count
A:30,C:16,A:30:CB,C:16:CA,3.4147737846012567,2
A:30,C:18,A:30:OG,C:18:O,3.7956602851150922,1
A:31,C:14,A:31:OD1,C:14:O,3.9713336550836438,1
A:31,C:15,A:31:OD1,C:15:O,3.209992367592171,7
A:31,C:16,A:31:ND2,C:16:CA,3.273310556607791,5
A:31,C:96,A:31:ND2,C:96:NZ,3.000081332230853,3
A:32,C:16,A:32:OD1,C:16:O,3.1878089654180948,1
A:32,C:20,A:32:ND2,C:20:CD1,3.3824378782174263,5
A:32,C:96,A:32:ND2,C:96:NZ,2.806322504631284,4
A:50,C:93,A:50:CD2,C:93:ND2,3.4795299969967224,3
A:50,C:96,A:50:CE1,C:96:CD,3.630300263063648,6
A:53,C:89,A:53:NE2,C:89:CG2,3.557216889648424,3
A:53,C:93,A:53:NE2,C:93:OD1,2.840135912240814,7
A:91,C:20,A:91:O,C:20:CE1,3.557015743569318,3
A:92,C:19,A:92:OD1,C:19:O,3.2717878904354447,3
A:92,C:20,A:92:O,C:20:C,3.9215396211182147,2
A:92,C:21,A:92:O,C:21:N,2.81348520522145,5
A:94,C:21,A:94:CB,C:21:NH2,3.8352651798800026,3
A:96,C:100,A:96:OH,C:100:OG,3.9513045946876852,1
A:96,C:21,A:96:OH,C:21:NH1,3.281486553377903,1
B:30,C:73,B:30:O,C:73:NH2,2.4748064570790147,6
B:30,C:75,B:30:O,C:75:CD1,3.9640996455689677,1
B:31,C:73,B:31:CB,C:73:O,3.374078985441807,5
B:31,C:75,B:31:CA,C:75:CD1,3.566573285381922,2
B:32,C:77,B:32:OD1,C:77:OD1,3.4367708681260667,2
B:32,C:97,B:32:OD2,C:97:NZ,2.665441614442153,3
B:33,C:101,B:33:OH,C:101:CB,3.639393630812695,1
B:33,C:63,B:33:OH,C:63:CH2,3.3876264552042943,2
B:33,C:97,B:33:OH,C:97:O,2.64203501112305,6
B:33,C:98,B:33:OH,C:98:CA,3.7395965022980704,3
B:50,C:100,B:50:OH,C:100:O,2.6018047582399446,6
B:50,C:21,B:50:OH,C:21:NH1,3.052519287408355,3
B:52,C:101,B:52:OG,C:101:OD1,2.696429120151319,7
B:52,C:102,B:52:OG,C:102:N,3.865907396718137,1
B:53,C:101,B:53:CE2,C:101:CG,3.1103655733691533,12
B:53,C:103,B:53:OH,C:103:OD1,3.1837011480350963,3
B:53,C:62,B:53:CD1,C:62:CZ3,3.7739080539938916,1
B:53,C:63,B:53:CE2,C:63:CH2,3.573622531829571,3
B:53,C:75,B:53:CB,C:75:CD2,3.6467358006853137,2
B:54,C:101,B:54:OG,C:101:OD1,2.4868128196549133,8
B:56,C:101,B:56:OG,C:101:OD1,3.2219016124022173,3
B:56,C:102,B:56:OG,C:102:N,2.816793212147462,4
B:58,C:100,B:58:CE2,C:100:O,3.410427245962008,1
B:58,C:101,B:58:OH,C:101:O,3.3763080428183683,2
B:58,C:102,B:58:OH,C:102:CA,3.634277644869758,1
B:58,C:21,B:58:CE1,C:21:NH2,3.349928357442891,5
B:98,C:100,B:98:CZ2,C:100:OG,3.4992804974737326,2
B:98,C:20,B:98:CZ2,C:20:OH,3.9136236405663736,1
B:98,C:97,B:98:CZ3,C:97:CG,3.637543539258323,8
